Workbook

Sheet Weekly_Actuals
A1: Week | B1: Sessions | C1: Purchases | D1: CVR % | E1: Revenue | F1: AOV | G1: Rev per Session | H1: Include
A2: 44130 | B2: 2625 | C2: 13 | D2: 0.495 | E2: 773 | F2: 55.21 | G2: 0.2945 | H2: No
A3: 44137 | B3: 24991 | C3: 249 | D3: 0.996 | E3: 21820 | F3: 74.98 | G3: 0.8731 | H3: Yes
A4: 44144 | B4: 22508 | C4: 341 | D4: 1.515 | E4: 23694 | F4: 64.74 | G4: 1.0527 | H4: Yes
A5: 44151 | B5: 25914 | C5: 374 | D5: 1.443 | E5: 38086 | F5: 67.65 | G5: 1.4697 | H5: Yes
A6: 44158 | B6: 27780 | C6: 515 | D6: 1.854 | E6: 47973 | F6: 70.44 | G6: 1.7269 | H6: Yes
A7: 44165 | B7: 31088 | C7: 590 | D7: 1.898 | E7: 43042 | F7: 66.84 | G7: 1.3845 | H7: Yes
A8: 44172 | B8: 38729 | C8: 772 | D8: 1.993 | E8: 59721 | F8: 69.04 | G8: 1.542 | H8: Yes
A9: 44179 | B9: 33411 | C9: 549 | D9: 1.643 | E9: 47276 | F9: 69.02 | G9: 1.415 | H9: Yes
A10: 44186 | B10: 22083 | C10: 233 | D10: 1.055 | E10: 14716 | F10: 57.26 | G10: 0.6664 | H10: Yes
A11: 44193 | B11: 20444 | C11: 138 | D11: 0.675 | E11: 10368 | F11: 62.84 | G11: 0.5071 | H11: Yes
A12: 44200 | B12: 29029 | C12: 162 | D12: 0.558 | E12: 9402 | F12: 55.31 | G12: 0.3239 | H12: Yes
A13: 44207 | B13: 27707 | C13: 227 | D13: 0.819 | E13: 13150 | F13: 51.98 | G13: 0.4746 | H13: Yes
... A15: 44221 | B15: 26342 | C15: 310 | D15: 1.177 | E15: 5178 | F15: 15.32 | G15: 0.1966 | H15: No
A17: Note: 10/26 excluded as a partial boundary week. 1/25 excluded - AOV collapses to $15.32 vs a $55-75 baseline, likely an artifact at the edge of the extraction window. See docs/data_quality_report.md.

Sheet Forecast_Assumptions
A1: Forecast basis | B1: November actuals (5 weeks: 11/2-11/30)
A2: Avg weekly sessions | B2: =AVERAGE(Weekly_Actuals!B3:B7) -> 26456.2
A3: Avg revenue per session | B3: =AVERAGE(Weekly_Actuals!G3:G7) -> 1.30138
A4: Forecast weekly revenue | B4: =B2*B3 -> 34429.57

Sheet Variance_Bridge
A1: Week | B1: Actual Sessions | C1: Actual Rev/Session | D1: Actual Revenue | E1: Forecast Revenue | F1: Volume Variance | G1: Rate Variance | H1: Total Variance | I1: Check
A2: 46363 | B2: =Weekly_Actuals!B8 -> 38729 | C2: =Weekly_Actuals!G8 -> 1.542 | D2: =Weekly_Actuals!E8 -> 59721 | E2: =Forecast_Assumptions!$B$4 -> 34429.57 | F2: =(B2-Forecast_Assumptions!$B$2)*Forecast_Assumptions!$B$3 -> 15971.576 | G2: =B2*(C2-Forecast_Assumptions!$B$3) -> 9318.972 | H2: =F2+G2 -> 25290.548 | I2: =H2-(D2-E2) -> -0.882
A3: 46370 | B3: =Weekly_Actuals!B9 -> 33411 | C3: =Weekly_Actuals!G9 -> 1.415 | D3: =Weekly_Actuals!E9 -> 47276 | E3: =Forecast_Assumptions!$B$4 -> 34429.57 | F3: =(B3-Forecast_Assumptions!$B$2)*Forecast_Assumptions!$B$3 -> 9050.8376 | G3: =B3*(C3-Forecast_Assumptions!$B$3) -> 3796.1578 | H3: =F3+G3 -> 12846.995 | I3: =H3-(D3-E3) -> 0.565
A4: 46377 | B4: =Weekly_Actuals!B10 -> 22083 | C4: =Weekly_Actuals!G10 -> 0.6664 | D4: =Weekly_Actuals!E10 -> 14716 | E4: =Forecast_Assumptions!$B$4 -> 34429.57 | F4: =(B4-Forecast_Assumptions!$B$2)*Forecast_Assumptions!$B$3 -> -5691.195 | G4: =B4*(C4-Forecast_Assumptions!$B$3) -> -14022.263 | H4: =F4+G4 -> -19713.458 | I4: =H4-(D4-E4) -> 0.1112
A5: 46384 | B5: =Weekly_Actuals!B11 -> 20444 | C5: =Weekly_Actuals!G11 -> 0.5071 | D5: =Weekly_Actuals!E11 -> 10368 | E5: =Forecast_Assumptions!$B$4 -> 34429.57 | F5: =(B5-Forecast_Assumptions!$B$2)*Forecast_Assumptions!$B$3 -> -7824.1568 | G5: =B5*(C5-Forecast_Assumptions!$B$3) -> -16238.26 | H5: =F5+G5 -> -24062.417 | I5: =H5-(D5-E5) -> -0.8476
A6: Total | B6: =SUM(B2:B5) -> 114667 | D6: =SUM(D2:D5) -> 132081 | E6: =SUM(E2:E5) -> 137718.28 | F6: =SUM(F2:F5) -> 11507.062 | G6: =SUM(G2:G5) -> -17145.394 | H6: =SUM(H2:H5) -> -5638.3316 | I6: =SUM(I2:I5) -> -1.0534
A8: Forecast Revenue | B8: Volume Variance | C8: Rate Variance | D8: Actual Revenue
A9: =E6 -> 137718.28 | B9: =F6 -> 11507.062 | C9: =G6 -> -17145.394 | D9: =D6 -> 132081
